카테고리 ,시즌,복종,소품종,라인,카테고리 재매칭,,,,
가을_수트_수트팬츠_ZC,가을,수트,수트팬츠,ZC,가을_가성비 수트셋업,,,,
가을_수트_수트팬츠_ZB,가을,수트,수트팬츠,ZB,가을_가성비 수트셋업,,,,
가을_수트_블레이져(수트)_ZC,가을,수트,블레이져(수트),ZC,가을_가성비 수트셋업,,,,
가을_수트_블레이져(수트)_ZB,가을,수트,블레이져(수트),ZB,가을_가성비 수트셋업,,,,
가을_자켓_싱글재킷_ZA,가을,자켓,싱글재킷,ZA,가을_아우터,,,,
가을_점퍼_점퍼_ZA,가을,점퍼,점퍼,ZA,가을_아우터,,,,
가을_코트_싱글코트_ZB,가을,코트,싱글코트,ZB,가을_아우터,,,,
가을_니트 셔츠_라운드_ZB,가을,니트 셔츠,라운드,ZB,가을_이너,,,,
가을_니트 셔츠_티에리_ZB,가을,니트 셔츠,티에리,ZB,가을_대물량이너,,,,
가을_스웨터_T-에리_ZA,가을,스웨터,T-에리,ZA,가을_이너,,,,
가을_스웨터_오픈형(CARDIGAN)_ZB,가을,스웨터,오픈형(CARDIGAN),ZB,가을_이너,,,,
가을_스웨터_T-에리_ZB,가을,스웨터,T-에리,ZB,가을_대물량이너,,,,
가을_우븐 셔츠_캐쥬얼셔츠_ZB,가을,우븐 셔츠,캐쥬얼셔츠,ZB,가을_캐주얼셔츠,,,,
가을_팬츠_팬츠(일반)_ZB,가을,팬츠,팬츠(일반),ZB,가을_팬츠,,,,
가을_팬츠_니트팬츠_ZB,가을,팬츠,니트팬츠,ZB,가을_팬츠,,,,
가을_팬츠_팬츠(일반)_ZA,가을,팬츠,팬츠(일반),ZA,가을_팬츠,,,,
겨울_수트_수트팬츠_ZB,겨울,수트,수트팬츠,ZB,겨울_가성비 수트셋업,,,,
겨울_수트_블레이져(수트)_ZB,겨울,수트,블레이져(수트),ZB,겨울_가성비 수트셋업,,,,
겨울_수트_수트팬츠_ZC,겨울,수트,수트팬츠,ZC,겨울_가성비 수트셋업,,,,
겨울_수트_블레이져(수트)_ZC,겨울,수트,블레이져(수트),ZC,겨울_가성비 수트셋업,,,,
겨울_수트_수트팬츠_ZA,겨울,수트,수트팬츠,ZA,겨울_고가 수트셋업,,,,
겨울_수트_블레이져(수트)_ZA,겨울,수트,블레이져(수트),ZA,겨울_고가 수트셋업,,,,
겨울_사파리_패딩사파리_ZB,겨울,사파리,패딩사파리,ZB,겨울_해비아우터,,,,
겨울_사파리_패딩사파리_ZA,겨울,사파리,패딩사파리,ZA,겨울_해비아우터,,,,
겨울_자켓_싱글재킷_ZA,겨울,자켓,싱글재킷,ZA,겨울_아우터,,,,
겨울_점퍼_점퍼_ZB,겨울,점퍼,점퍼,ZB,겨울_아우터,,,,
겨울_점퍼_점퍼_ZG,겨울,점퍼,점퍼,ZG,겨울_아우터,,,,
겨울_점퍼_점퍼_ZA,겨울,점퍼,점퍼,ZA,겨울_아우터,,,,
겨울_점퍼_패딩점퍼_ZB,겨울,점퍼,패딩점퍼,ZB,겨울_해비아우터,,,,
겨울_조끼_패딩베스트_ZB,겨울,조끼,패딩베스트,ZB,겨울_해비아우터,,,,
겨울_코트_싱글코트_ZB,겨울,코트,싱글코트,ZB,겨울_코트,,,,
겨울_코트_싱글코트_ZA,겨울,코트,싱글코트,ZA,겨울_코트,,,,
겨울_코트_더블코트_ZB,겨울,코트,더블코트,ZB,겨울_코트,,,,
겨울_코트_더블코트_ZA,겨울,코트,더블코트,ZA,겨울_코트,,,,
겨울_니트 셔츠_라운드_ZB,겨울,니트 셔츠,라운드,ZB,겨울_기모맨투맨셋업,,,,
겨울_니트 셔츠_라운드_ZG,겨울,니트 셔츠,라운드,ZG,겨울_기모맨투맨셋업,,,,
겨울_니트 셔츠_라운드_ZA,겨울,니트 셔츠,라운드,ZA,겨울_기모맨투맨셋업,,,,
겨울_니트 셔츠_오픈형티(맨투맨 등)_ZB,겨울,니트 셔츠,오픈형티(맨투맨 등),ZB,겨울_기모맨투맨셋업,,,,
겨울_니트 셔츠_오픈형티(맨투맨 등)_ZG,겨울,니트 셔츠,오픈형티(맨투맨 등),ZG,겨울_기모맨투맨셋업,,,,
겨울_니트 셔츠_티에리_ZA,겨울,니트 셔츠,티에리,ZA,겨울_기모맨투맨셋업,,,,
겨울_니트 셔츠_티에리_ZB,겨울,니트 셔츠,티에리,ZB,겨울_기모맨투맨셋업,,,,
겨울_니트 셔츠_후드티_ZB,겨울,니트 셔츠,후드티,ZB,겨울_기모맨투맨셋업,,,,
겨울_니트 셔츠_후드티_ZG,겨울,니트 셔츠,후드티,ZG,겨울_기모맨투맨셋업,,,,
겨울_스웨터_오픈형(CARDIGAN)_ZA,겨울,스웨터,오픈형(CARDIGAN),ZA,겨울_가디건,,,,
겨울_스웨터_오픈형(CARDIGAN)_ZB,겨울,스웨터,오픈형(CARDIGAN),ZB,겨울_가디건,,,,
겨울_스웨터_T-에리_ZB,겨울,스웨터,T-에리,ZB,겨울_스웨터,,,,
겨울_스웨터_VEST_ZB,겨울,스웨터,VEST,ZB,겨울_스웨터,,,,
겨울_스웨터_라운드_ZB,겨울,스웨터,라운드,ZB,겨울_스웨터,,,,
겨울_스웨터_Turtle_ZA,겨울,스웨터,Turtle,ZA,겨울_해비스웨터,,,,
겨울_스웨터_Turtle_ZB,겨울,스웨터,Turtle,ZB,겨울_해비스웨터,,,,
겨울_스웨터_T-에리_ZA,겨울,스웨터,T-에리,ZA,겨울_해비스웨터,,,,
겨울_스웨터_라운드_ZA,겨울,스웨터,라운드,ZA,겨울_해비스웨터,,,,
겨울_우븐 셔츠_캐쥬얼셔츠_ZB,겨울,우븐 셔츠,캐쥬얼셔츠,ZB,겨울_아우터셔츠,,,,
겨울_우븐 셔츠_캐쥬얼셔츠_ZA,겨울,우븐 셔츠,캐쥬얼셔츠,ZA,겨울_아우터셔츠,,,,
겨울_팬츠_팬츠(일반)_ZA,겨울,팬츠,팬츠(일반),ZA,겨울_팬츠,,,,
겨울_팬츠_니트팬츠_ZB,겨울,팬츠,니트팬츠,ZB,겨울_기모맨투맨셋업,,,,
겨울_팬츠_팬츠(일반)_ZB,겨울,팬츠,팬츠(일반),ZB,겨울_팬츠,,,,
겨울_팬츠_팬츠(일반)_ZG,겨울,팬츠,팬츠(일반),ZG,겨울_팬츠,,,,
겨울_팬츠_니트팬츠_ZG,겨울,팬츠,니트팬츠,ZG,겨울_기모맨투맨셋업,,,,
봄_수트_블레이져(수트)_ZC,봄,수트,블레이져(수트),ZC,봄_가성비 수트셋업,,,,
봄_수트_블레이져(수트)_ZB,봄,수트,블레이져(수트),ZB,봄_가성비 수트셋업,,,,
봄_수트_수트팬츠_ZC,봄,수트,수트팬츠,ZC,봄_가성비 수트셋업,,,,
봄_수트_수트팬츠_ZB,봄,수트,수트팬츠,ZB,봄_가성비 수트셋업,,,,
봄_수트_블레이져(수트)_ZA,봄,수트,블레이져(수트),ZA,봄_고가 수트셋업,,,,
봄_수트_수트팬츠_ZA,봄,수트,수트팬츠,ZA,봄_고가 수트셋업,,,,
봄_가죽&FUR_가죽점퍼_ZA,봄,가죽&FUR,가죽점퍼,ZA,봄_아우터,,,,
봄_가죽&FUR_가죽점퍼_ZA,봄,가죽&FUR,가죽점퍼,ZA,봄_아우터,,,,
봄_자켓_싱글재킷_ZB,봄,자켓,싱글재킷,ZB,봄_아우터,,,,
봄_점퍼_패딩점퍼_ZB,봄,점퍼,패딩점퍼,ZB,봄_아우터,,,,
봄_조끼_패딩베스트_ZB,봄,조끼,패딩베스트,ZB,봄_아우터,,,,
봄_코트_싱글코트_ZB,봄,코트,싱글코트,ZB,봄_아우터,,,,
봄_코트_더블코트_ZB,봄,코트,더블코트,ZB,봄_아우터,,,,
봄_스웨터_오픈형(CARDIGAN)_ZB,봄,스웨터,오픈형(CARDIGAN),ZB,봄_가디건,,,,
봄_스웨터_오픈형(CARDIGAN)_ZA,봄,스웨터,오픈형(CARDIGAN),ZA,봄_가디건,,,,
봄_니트 셔츠_라운드_ZB,봄,니트 셔츠,라운드,ZB,봄_맨투맨셋업,,,,
봄_니트 셔츠_라운드_ZA,봄,니트 셔츠,라운드,ZA,봄_맨투맨셋업,,,,
봄_니트 셔츠_오픈형티(맨투맨 등)_ZA,봄,니트 셔츠,오픈형티(맨투맨 등),ZA,봄_맨투맨셋업,,,,
봄_니트 셔츠_후드티_ZB,봄,니트 셔츠,후드티,ZB,봄_맨투맨셋업,,,,
봄_우븐 셔츠_캐쥬얼셔츠_ZA,봄,우븐 셔츠,캐쥬얼셔츠,ZA,봄_캐주얼셔츠,,,,
봄_우븐 셔츠_드레스셔츠_ZB,봄,우븐 셔츠,드레스셔츠,ZB,봄_셋업셔츠,,,,
봄_우븐 셔츠_캐쥬얼셔츠_ZB,봄,우븐 셔츠,캐쥬얼셔츠,ZB,봄_셋업셔츠,,,,
봄_스웨터_T-에리_ZB,봄,스웨터,T-에리,ZB,봄_스웨터,,,,
봄_스웨터_T-에리_ZA,봄,스웨터,T-에리,ZA,봄_스웨터,,,,
봄_스웨터_VEST_ZA,봄,스웨터,VEST,ZA,봄_스웨터,,,,
봄_스웨터_라운드_ZB,봄,스웨터,라운드,ZB,봄_스웨터,,,,
봄_스웨터_라운드_ZA,봄,스웨터,라운드,ZA,봄_스웨터,,,,
봄_스웨터_후드T_ZA,봄,스웨터,후드T,ZA,봄_스웨터,,,,
봄_팬츠_팬츠(일반)_ZB,봄,팬츠,팬츠(일반),ZB,봄_대물량팬츠,,,,
봄_팬츠_니트팬츠_ZB,봄,팬츠,니트팬츠,ZB,봄_맨투맨셋업,,,,
봄_팬츠_니트팬츠_ZA,봄,팬츠,니트팬츠,ZA,봄_맨투맨셋업,,,,
봄_팬츠_팬츠(일반)_ZA,봄,팬츠,팬츠(일반),ZA,봄_팬츠,,,,
사계절_데님_데님팬츠_ZB,사계절,데님,데님팬츠,ZB,사계절_데님셋업,,,,
사계절_데님_데님자켓_ZB,사계절,데님,데님자켓,ZB,사계절_데님셋업,,,,
사계절_수트_수트팬츠_ZB,사계절,수트,수트팬츠,ZB,사계절_가성비 수트셋업,,,,
사계절_수트_블레이져(수트)_ZB,사계절,수트,블레이져(수트),ZB,사계절_가성비 수트셋업,,,,
사계절_수트_블레이져(수트)_ZC,사계절,수트,블레이져(수트),ZC,사계절_가성비 수트셋업,,,,
사계절_수트_수트팬츠_ZC,사계절,수트,수트팬츠,ZC,사계절_가성비 수트셋업,,,,
사계절_자켓_싱글재킷_ZB,사계절,자켓,싱글재킷,ZB,사계절_셋업,,,,
사계절_우븐 셔츠_드레스셔츠_ZC,사계절,우븐 셔츠,드레스셔츠,ZC,사계절_셋업셔츠,,,,
사계절_우븐 셔츠_드레스셔츠_ZB,사계절,우븐 셔츠,드레스셔츠,ZB,사계절_셋업셔츠,,,,
사계절_니트 셔츠_라운드_ZB,사계절,니트 셔츠,라운드,ZB,사계절_니트셋업,,,,
사계절_팬츠_팬츠(일반)_ZB,사계절,팬츠,팬츠(일반),ZB,사계절_셋업,,,,
사계절_팬츠_니트팬츠_ZB,사계절,팬츠,니트팬츠,ZB,사계절_니트셋업,,,,
여름_수트_블레이져(수트)_ZB,여름,수트,블레이져(수트),ZB,여름_가성비 수트셋업,,,,
여름_수트_수트팬츠_ZB,여름,수트,수트팬츠,ZB,여름_가성비 수트셋업,,,,
여름_수트_수트팬츠_ZC,여름,수트,수트팬츠,ZC,여름_가성비 수트셋업,,,,
여름_수트_블레이져(수트)_ZC,여름,수트,블레이져(수트),ZC,여름_가성비 수트셋업,,,,
여름_수트_수트팬츠_ZA,여름,수트,수트팬츠,ZA,여름_고가 수트셋업,,,,
여름_수트_블레이져(수트)_ZA,여름,수트,블레이져(수트),ZA,여름_고가 수트셋업,,,,
여름_자켓_싱글재킷_ZA,여름,자켓,싱글재킷,ZA,여름_자켓,,,,
여름_자켓_싱글재킷_ZB,여름,자켓,싱글재킷,ZB,여름_자켓,,,,
여름_점퍼_점퍼_ZB,여름,점퍼,점퍼,ZB,여름_점퍼,,,,
여름_점퍼_점퍼_ZA,여름,점퍼,점퍼,ZA,여름_점퍼,,,,
여름_점퍼_점퍼_ZG,여름,점퍼,점퍼,ZG,여름_점퍼,,,,
여름_니트 셔츠_라운드_ZB,여름,니트 셔츠,라운드,ZB,여름_반팔티셔츠,,,,
여름_니트 셔츠_티에리_ZB,여름,니트 셔츠,티에리,ZB,여름_반팔티셔츠,,,,
여름_니트 셔츠_라운드(V넥 등)_ZB,여름,니트 셔츠,라운드(V넥 등),ZB,여름_반팔티셔츠,,,,
여름_니트 셔츠_티에리_ZA,여름,니트 셔츠,티에리,ZA,여름_디자인반팔티셔츠,,,,
여름_니트 셔츠_라운드_ZG,여름,니트 셔츠,라운드,ZG,여름_디자인반팔티셔츠,,,,
여름_스웨터_T-에리_ZB,여름,스웨터,T-에리,ZB,여름_반팔스웨터,,,,
여름_스웨터_라운드_ZB,여름,스웨터,라운드,ZB,여름_반팔스웨터,,,,
여름_스웨터_T-에리_ZA,여름,스웨터,T-에리,ZA,여름_반팔스웨터,,,,
여름_스웨터_라운드_ZA,여름,스웨터,라운드,ZA,여름_반팔스웨터,,,,
여름_스웨터_오픈형(CARDIGAN)_ZA,여름,스웨터,오픈형(CARDIGAN),ZA,여름_반팔스웨터,,,,
여름_우븐 셔츠_드레스셔츠_ZB,여름,우븐 셔츠,드레스셔츠,ZB,여름_캐주얼셔츠,,,,
여름_우븐 셔츠_캐쥬얼셔츠_ZB,여름,우븐 셔츠,캐쥬얼셔츠,ZB,여름_캐주얼셔츠,,,,
여름_우븐 셔츠_캐쥬얼셔츠_ZA,여름,우븐 셔츠,캐쥬얼셔츠,ZA,여름_캐주얼셔츠,,,,
여름_팬츠_니트팬츠_ZB,여름,팬츠,니트팬츠,ZB,여름_팬츠,,,,
여름_팬츠_팬츠(일반)_ZB,여름,팬츠,팬츠(일반),ZB,여름_팬츠,,,,
여름_팬츠_반바지_ZB,여름,팬츠,반바지,ZB,여름_반바지,,,,
여름_팬츠_반바지_ZA,여름,팬츠,반바지,ZA,여름_반바지,,,,
여름_팬츠_반바지_ZG,여름,팬츠,반바지,ZG,여름_반바지,,,,
여름_팬츠_팬츠(일반)_ZA,여름,팬츠,팬츠(일반),ZA,여름_디자인팬츠,,,,
여름_팬츠_팬츠(일반)_ZG,여름,팬츠,팬츠(일반),ZG,여름_디자인팬츠,,,,
