전체_시즌,제품,시즌,주차,forecasted_sales,bass_curve,plc_stage,T1_week,T_star_week,T2_week
전체,제품전체,,2025-01-05,4755,5327.232503449021,도입기,2025-03-23,2025-07-13,2025-08-31
전체,제품전체,,2025-01-12,2773,5855.339373909931,도입기,2025-03-23,2025-07-13,2025-08-31
전체,제품전체,,2025-01-19,3164,6427.692059023202,도입기,2025-03-23,2025-07-13,2025-08-31
전체,제품전체,,2025-01-26,4628,7046.235424801038,도입기,2025-03-23,2025-07-13,2025-08-31
전체,제품전체,,2025-02-02,5847,7712.595450964727,도입기,2025-03-23,2025-07-13,2025-08-31
전체,제품전체,,2025-02-09,6560,8427.970940577852,도입기,2025-03-23,2025-07-13,2025-08-31
전체,제품전체,,2025-02-16,7394,9193.010880334608,도입기,2025-03-23,2025-07-13,2025-08-31
전체,제품전체,,2025-02-23,8893,10007.678633215735,도입기,2025-03-23,2025-07-13,2025-08-31
전체,제품전체,,2025-03-02,10893,10871.105331035622,도입기,2025-03-23,2025-07-13,2025-08-31
전체,제품전체,,2025-03-09,12802,11781.436292729471,도입기,2025-03-23,2025-07-13,2025-08-31
전체,제품전체,,2025-03-16,14276,12735.676000174994,도입기,2025-03-23,2025-07-13,2025-08-31
전체,제품전체,,2025-03-23,15454,13729.539051016196,성장기,2025-03-23,2025-07-13,2025-08-31
전체,제품전체,,2025-03-30,16598,14757.31645927584,성장기,2025-03-23,2025-07-13,2025-08-31
전체,제품전체,,2025-04-06,17693,15811.768510925234,성장기,2025-03-23,2025-07-13,2025-08-31
전체,제품전체,,2025-04-13,18513,16884.056861969148,성장기,2025-03-23,2025-07-13,2025-08-31
전체,제품전체,,2025-04-20,18999,17963.72939575743,성장기,2025-03-23,2025-07-13,2025-08-31
전체,제품전체,,2025-04-27,19419,19038.771207309153,성장기,2025-03-23,2025-07-13,2025-08-31
전체,제품전체,,2025-05-04,20113,20095.733636269055,성장기,2025-03-23,2025-07-13,2025-08-31
전체,제품전체,,2025-05-11,21163,21119.950271303707,성장기,2025-03-23,2025-07-13,2025-08-31
전체,제품전체,,2025-05-18,22396,22095.84417364199,성장기,2025-03-23,2025-07-13,2025-08-31
전체,제품전체,,2025-05-25,23686,23007.324294131773,성장기,2025-03-23,2025-07-13,2025-08-31
전체,제품전체,,2025-06-01,25147,23838.261522888846,성장기,2025-03-23,2025-07-13,2025-08-31
전체,제품전체,,2025-06-08,26965,24573.026631807385,성장기,2025-03-23,2025-07-13,2025-08-31
전체,제품전체,,2025-06-15,29060,25197.06442257663,성장기,2025-03-23,2025-07-13,2025-08-31
전체,제품전체,,2025-06-22,30962,25697.471720053058,성장기,2025-03-23,2025-07-13,2025-08-31
전체,제품전체,,2025-06-29,32036,26063.5425193478,성장기,2025-03-23,2025-07-13,2025-08-31
전체,제품전체,,2025-07-06,31842,26287.242507747025,성장기,2025-03-23,2025-07-13,2025-08-31
전체,제품전체,,2025-07-13,30364,26363.577887829568,성숙기,2025-03-23,2025-07-13,2025-08-31
전체,제품전체,,2025-07-20,27993,26290.829968544713,성숙기,2025-03-23,2025-07-13,2025-08-31
전체,제품전체,,2025-07-27,25331,26070.636835709796,성숙기,2025-03-23,2025-07-13,2025-08-31
전체,제품전체,,2025-08-03,22918,25707.91550118057,성숙기,2025-03-23,2025-07-13,2025-08-31
전체,제품전체,,2025-08-10,20986,25210.63082380488,성숙기,2025-03-23,2025-07-13,2025-08-31
전체,제품전체,,2025-08-17,19402,24589.42962046608,성숙기,2025-03-23,2025-07-13,2025-08-31
전체,제품전체,,2025-08-24,17892,23857.168298699777,성숙기,2025-03-23,2025-07-13,2025-08-31
전체,제품전체,,2025-08-31,16394,23028.3689709584,쇠퇴기,2025-03-23,2025-07-13,2025-08-31
전체,제품전체,,2025-09-07,15169,22118.64181007899,쇠퇴기,2025-03-23,2025-07-13,2025-08-31
전체,제품전체,,2025-09-14,14524,21144.110405017855,쇠퇴기,2025-03-23,2025-07-13,2025-08-31
전체,제품전체,,2025-09-21,14426,20120.87261307903,쇠퇴기,2025-03-23,2025-07-13,2025-08-31
전체,제품전체,,2025-09-28,14490,19064.52277624607,쇠퇴기,2025-03-23,2025-07-13,2025-08-31
전체,제품전체,,2025-10-05,14434,17989.753239618964,쇠퇴기,2025-03-23,2025-07-13,2025-08-31
전체,제품전체,,2025-10-12,14475,16910.044925547438,쇠퇴기,2025-03-23,2025-07-13,2025-08-31
전체,제품전체,,2025-10-19,15131,15837.449157829979,쇠퇴기,2025-03-23,2025-07-13,2025-08-31
전체,제품전체,,2025-10-26,16548,14782.456621519057,쇠퇴기,2025-03-23,2025-07-13,2025-08-31
전체,제품전체,,2025-11-02,18142,13753.944628374302,쇠퇴기,2025-03-23,2025-07-13,2025-08-31
전체,제품전체,,2025-11-09,19083,12759.190819567884,쇠퇴기,2025-03-23,2025-07-13,2025-08-31
전체,제품전체,,2025-11-16,19152,11803.939956250018,쇠퇴기,2025-03-23,2025-07-13,2025-08-31
전체,제품전체,,2025-11-23,18969,10892.510272015817,쇠퇴기,2025-03-23,2025-07-13,2025-08-31
전체,제품전체,,2025-11-30,19178,10027.926670791814,쇠퇴기,2025-03-23,2025-07-13,2025-08-31
전체,제품전체,,2025-12-07,19445,9212.069522001198,쇠퇴기,2025-03-23,2025-07-13,2025-08-31
전체,제품전체,,2025-12-14,18471,8445.829635753413,쇠퇴기,2025-03-23,2025-07-13,2025-08-31
전체,제품전체,,2025-12-21,15240,7729.261951698805,쇠퇴기,2025-03-23,2025-07-13,2025-08-31
전체,제품전체,,2025-12-28,10281,7061.732366027893,쇠퇴기,2025-03-23,2025-07-13,2025-08-31
봄,제품전체(봄),봄,2025-01-05,1970,1393.5409972391394,도입기,2025-02-09,2025-03-09,2025-03-30
봄,제품전체(봄),봄,2025-01-12,2225,1889.2452955145186,도입기,2025-02-09,2025-03-09,2025-03-30
봄,제품전체(봄),봄,2025-01-19,2438,2529.6212475601797,도입기,2025-02-09,2025-03-09,2025-03-30
봄,제품전체(봄),봄,2025-01-26,3123,3331.2365661641925,도입기,2025-02-09,2025-03-09,2025-03-30
봄,제품전체(봄),봄,2025-02-02,3999,4292.161083238279,도입기,2025-02-09,2025-03-09,2025-03-30
봄,제품전체(봄),봄,2025-02-09,4816,5377.379663740896,성장기,2025-02-09,2025-03-09,2025-03-30
봄,제품전체(봄),봄,2025-02-16,5805,6505.255285051313,성장기,2025-02-09,2025-03-09,2025-03-30
봄,제품전체(봄),봄,2025-02-23,7189,7544.578995289605,성장기,2025-02-09,2025-03-09,2025-03-30
봄,제품전체(봄),봄,2025-03-02,8603,8333.464854831189,성장기,2025-02-09,2025-03-09,2025-03-30
봄,제품전체(봄),봄,2025-03-09,9354,8723.283325411285,성숙기,2025-02-09,2025-03-09,2025-03-30
봄,제품전체(봄),봄,2025-03-16,9174,8632.500626751484,성숙기,2025-02-09,2025-03-09,2025-03-30
봄,제품전체(봄),봄,2025-03-23,8421,8080.579452062797,성숙기,2025-02-09,2025-03-09,2025-03-30
봄,제품전체(봄),봄,2025-03-30,7500,7179.6318768239,쇠퇴기,2025-02-09,2025-03-09,2025-03-30
봄,제품전체(봄),봄,2025-04-06,6390,6089.51742453569,쇠퇴기,2025-02-09,2025-03-09,2025-03-30
봄,제품전체(봄),봄,2025-04-13,4936,4964.6512135032535,쇠퇴기,2025-02-09,2025-03-09,2025-03-30
봄,제품전체(봄),봄,2025-04-20,3400,3918.6964123131766,쇠퇴기,2025-02-09,2025-03-09,2025-03-30
봄,제품전체(봄),봄,2025-04-27,2349,3014.8424565228343,쇠퇴기,2025-02-09,2025-03-09,2025-03-30
봄,제품전체(봄),봄,2025-05-04,1941,2274.0483076684905,쇠퇴기,2025-02-09,2025-03-09,2025-03-30
봄,제품전체(봄),봄,2025-05-11,1705,1689.8233900285122,쇠퇴기,2025-02-09,2025-03-09,2025-03-30
봄,제품전체(봄),봄,2025-05-18,1262,1241.7909662536404,쇠퇴기,2025-02-09,2025-03-09,2025-03-30
봄,제품전체(봄),봄,2025-05-25,1001,905.1025220021693,쇠퇴기,2025-02-09,2025-03-09,2025-03-30
봄,제품전체(봄),봄,2025-06-01,1536,655.769080164202,쇠퇴기,2025-02-09,2025-03-09,2025-03-30
,봄_가죽&FUR_가죽점퍼_ZA,봄,,0,0.0,0,2025-01-05,2025-01-05,2025-01-05
,봄_니트 셔츠_라운드_ZA,봄,,0,0.0,0,2025-01-05,2025-01-05,2025-01-05
,봄_니트 셔츠_라운드_ZB,봄,,0,0.0,0,2025-01-05,2025-01-05,2025-01-05
,봄_니트 셔츠_오픈형티(맨투맨 등)_ZA,봄,,0,0.0,0,2025-01-05,2025-01-05,2025-01-05
,봄_니트 셔츠_후드티_ZB,봄,,0,0.0,0,2025-01-05,2025-01-05,2025-01-05
,봄_수트_블레이져(수트)_ZA,봄,,0,0.0,0,2025-01-05,2025-01-05,2025-01-05
,봄_수트_블레이져(수트)_ZB,봄,,0,0.0,0,2025-01-05,2025-01-05,2025-01-05
,봄_수트_블레이져(수트)_ZC,봄,,0,0.0,0,2025-01-05,2025-01-05,2025-01-05
,봄_수트_수트팬츠_ZA,봄,,0,0.0,0,2025-01-05,2025-01-05,2025-01-05
,봄_수트_수트팬츠_ZB,봄,,0,0.0,0,2025-01-05,2025-01-05,2025-01-05
,봄_수트_수트팬츠_ZC,봄,,0,0.0,0,2025-01-05,2025-01-05,2025-01-05
,봄_스웨터_T-에리_ZA,봄,,0,0.0,0,2025-01-05,2025-01-05,2025-01-05
,봄_스웨터_T-에리_ZB,봄,,0,0.0,0,2025-01-05,2025-01-05,2025-01-05
,봄_스웨터_VEST_ZA,봄,,0,0.0,0,2025-01-05,2025-01-05,2025-01-05
,봄_스웨터_라운드_ZA,봄,,0,0.0,0,2025-01-05,2025-01-05,2025-01-05
,봄_스웨터_라운드_ZB,봄,,0,0.0,0,2025-01-05,2025-01-05,2025-01-05
,봄_스웨터_오픈형(CARDIGAN)_ZA,봄,,0,0.0,0,2025-01-05,2025-01-05,2025-01-05
,봄_스웨터_오픈형(CARDIGAN)_ZB,봄,,0,0.0,0,2025-01-05,2025-01-05,2025-01-05
,봄_스웨터_후드T_ZA,봄,,0,0.0,0,2025-01-05,2025-01-05,2025-01-05
,봄_우븐 셔츠_드레스셔츠_ZB,봄,,0,0.0,0,2025-01-05,2025-01-05,2025-01-05
,봄_우븐 셔츠_캐쥬얼셔츠_ZA,봄,,0,0.0,0,2025-01-05,2025-01-05,2025-01-05
,봄_우븐 셔츠_캐쥬얼셔츠_ZB,봄,,0,0.0,0,2025-01-05,2025-01-05,2025-01-05
,봄_자켓_싱글재킷_ZB,봄,,0,0.0,0,2025-01-05,2025-01-05,2025-01-05
,봄_점퍼_패딩점퍼_ZB,봄,,0,0.0,0,2025-01-05,2025-01-05,2025-01-05
,봄_조끼_패딩베스트_ZB,봄,,0,0.0,0,2025-01-05,2025-01-05,2025-01-05
,봄_코트_더블코트_ZB,봄,,0,0.0,0,2025-01-05,2025-01-05,2025-01-05
,봄_코트_싱글코트_ZB,봄,2025-01-05,0,0.20153550055277586,도입기,2025-03-02,2025-03-16,2025-03-23
,봄_코트_싱글코트_ZB,봄,2025-01-12,0,0.5078359302766642,도입기,2025-03-02,2025-03-16,2025-03-23
,봄_코트_싱글코트_ZB,봄,2025-01-19,0,1.278942511010841,도입기,2025-03-02,2025-03-16,2025-03-23
,봄_코트_싱글코트_ZB,봄,2025-01-26,0,3.2163530639576647,도입기,2025-03-02,2025-03-16,2025-03-23
,봄_코트_싱글코트_ZB,봄,2025-02-02,0,8.05993734297851,도입기,2025-03-02,2025-03-16,2025-03-23
,봄_코트_싱글코트_ZB,봄,2025-02-09,0,20.018840766727866,도입기,2025-03-02,2025-03-16,2025-03-23
,봄_코트_싱글코트_ZB,봄,2025-02-16,0,48.64292850394652,도입기,2025-03-02,2025-03-16,2025-03-23
,봄_코트_싱글코트_ZB,봄,2025-02-23,94,112.15163565177001,도입기,2025-03-02,2025-03-16,2025-03-23
,봄_코트_싱글코트_ZB,봄,2025-03-02,306,230.00099845221123,성장기,2025-03-02,2025-03-16,2025-03-23
,봄_코트_싱글코트_ZB,봄,2025-03-09,448,375.90410988024547,성장기,2025-03-02,2025-03-16,2025-03-23
,봄_코트_싱글코트_ZB,봄,2025-03-16,411,433.73518660117793,성숙기,2025-03-02,2025-03-16,2025-03-23
,봄_코트_싱글코트_ZB,봄,2025-03-23,302,338.0336391140386,쇠퇴기,2025-03-02,2025-03-16,2025-03-23
,봄_코트_싱글코트_ZB,봄,2025-03-30,231,191.66970554490626,쇠퇴기,2025-03-02,2025-03-16,2025-03-23
,봄_코트_싱글코트_ZB,봄,2025-04-06,121,89.64419475202021,쇠퇴기,2025-03-02,2025-03-16,2025-03-23
,봄_코트_싱글코트_ZB,봄,2025-04-13,0,38.13904263908876,쇠퇴기,2025-03-02,2025-03-16,2025-03-23
,봄_코트_싱글코트_ZB,봄,2025-04-20,0,15.568419801304572,쇠퇴기,2025-03-02,2025-03-16,2025-03-23
,봄_코트_싱글코트_ZB,봄,2025-04-27,0,6.247304344655959,쇠퇴기,2025-03-02,2025-03-16,2025-03-23
,봄_코트_싱글코트_ZB,봄,2025-05-04,0,2.489690507701198,쇠퇴기,2025-03-02,2025-03-16,2025-03-23
,봄_코트_싱글코트_ZB,봄,2025-05-11,0,0.9894681978494191,쇠퇴기,2025-03-02,2025-03-16,2025-03-23
,봄_코트_싱글코트_ZB,봄,2025-05-18,0,0.3928099789047792,쇠퇴기,2025-03-02,2025-03-16,2025-03-23
,봄_코트_싱글코트_ZB,봄,2025-05-25,0,0.15587419768394284,쇠퇴기,2025-03-02,2025-03-16,2025-03-23
,봄_코트_싱글코트_ZB,봄,2025-06-01,0,0.06184305858323569,쇠퇴기,2025-03-02,2025-03-16,2025-03-23
,봄_팬츠_니트팬츠_ZA,봄,,0,0.0,0,2025-01-05,2025-01-05,2025-01-05
,봄_팬츠_니트팬츠_ZB,봄,,0,0.0,0,2025-01-05,2025-01-05,2025-01-05
,봄_팬츠_팬츠(일반)_ZA,봄,,0,0.0,0,2025-01-05,2025-01-05,2025-01-05
,봄_팬츠_팬츠(일반)_ZB,봄,,0,0.0,0,2025-01-05,2025-01-05,2025-01-05
여름,제품전체(여름),여름,2025-01-05,0,723.4421316035982,도입기,2025-04-20,2025-06-15,2025-07-13
여름,제품전체(여름),여름,2025-01-12,176,890.6584109701523,도입기,2025-04-20,2025-06-15,2025-07-13
여름,제품전체(여름),여름,2025-01-19,197,1095.6288819591757,도입기,2025-04-20,2025-06-15,2025-07-13
여름,제품전체(여름),여름,2025-01-26,424,1346.415241672823,도입기,2025-04-20,2025-06-15,2025-07-13
여름,제품전체(여름),여름,2025-02-02,675,1652.5625450126386,도입기,2025-04-20,2025-06-15,2025-07-13
여름,제품전체(여름),여름,2025-02-09,855,2025.2479305758143,도입기,2025-04-20,2025-06-15,2025-07-13
여름,제품전체(여름),여름,2025-02-16,1272,2477.373606805515,도입기,2025-04-20,2025-06-15,2025-07-13
여름,제품전체(여름),여름,2025-02-23,2095,3023.5550729185707,도입기,2025-04-20,2025-06-15,2025-07-13
여름,제품전체(여름),여름,2025-03-02,3087,3679.934111712879,도입기,2025-04-20,2025-06-15,2025-07-13
여름,제품전체(여름),여름,2025-03-09,4061,4463.72060242849,도입기,2025-04-20,2025-06-15,2025-07-13
여름,제품전체(여름),여름,2025-03-16,5269,5392.340772417163,도입기,2025-04-20,2025-06-15,2025-07-13
여름,제품전체(여름),여름,2025-03-23,7083,6482.049290853236,도입기,2025-04-20,2025-06-15,2025-07-13
여름,제품전체(여름),여름,2025-03-30,9411,7745.861860468256,도입기,2025-04-20,2025-06-15,2025-07-13
여름,제품전체(여름),여름,2025-04-06,11715,9190.704614607639,도입기,2025-04-20,2025-06-15,2025-07-13
여름,제품전체(여름),여름,2025-04-13,13630,10813.784471098697,도입기,2025-04-20,2025-06-15,2025-07-13
여름,제품전체(여름),여름,2025-04-20,15312,12598.388813898295,성장기,2025-04-20,2025-06-15,2025-07-13
여름,제품전체(여름),여름,2025-04-27,17010,14509.635953818462,성장기,2025-04-20,2025-06-15,2025-07-13
여름,제품전체(여름),여름,2025-05-04,18522,16491.089213379906,성장기,2025-04-20,2025-06-15,2025-07-13
여름,제품전체(여름),여름,2025-05-11,19370,18463.511772626618,성장기,2025-04-20,2025-06-15,2025-07-13
여름,제품전체(여름),여름,2025-05-18,19539,20327.182108534776,성장기,2025-04-20,2025-06-15,2025-07-13
여름,제품전체(여름),여름,2025-05-25,19726,21968.867476372077,성장기,2025-04-20,2025-06-15,2025-07-13
여름,제품전체(여름),여름,2025-06-01,20630,23273.59640809294,성장기,2025-04-20,2025-06-15,2025-07-13
여름,제품전체(여름),여름,2025-06-08,22115,24139.86797504165,성장기,2025-04-20,2025-06-15,2025-07-13
여름,제품전체(여름),여름,2025-06-15,23327,24495.353383683483,성숙기,2025-04-20,2025-06-15,2025-07-13
여름,제품전체(여름),여름,2025-06-22,23636,24309.233943873493,성숙기,2025-04-20,2025-06-15,2025-07-13
여름,제품전체(여름),여름,2025-06-29,23195,23597.727712616965,성숙기,2025-04-20,2025-06-15,2025-07-13
여름,제품전체(여름),여름,2025-07-06,22440,22421.161649076676,성숙기,2025-04-20,2025-06-15,2025-07-13
여름,제품전체(여름),여름,2025-07-13,21350,20873.46686977113,쇠퇴기,2025-04-20,2025-06-15,2025-07-13
여름,제품전체(여름),여름,2025-07-20,19579,19067.109231397277,쇠퇴기,2025-04-20,2025-06-15,2025-07-13
여름,제품전체(여름),여름,2025-07-27,17294,17117.343684876047,쇠퇴기,2025-04-20,2025-06-15,2025-07-13
여름,제품전체(여름),여름,2025-08-03,15348,15129.13346249878,쇠퇴기,2025-04-20,2025-06-15,2025-07-13
여름,제품전체(여름),여름,2025-08-10,14268,13188.618204917177,쇠퇴기,2025-04-20,2025-06-15,2025-07-13
여름,제품전체(여름),여름,2025-08-17,13337,11359.418537513237,쇠퇴기,2025-04-20,2025-06-15,2025-07-13
여름,제품전체(여름),여름,2025-08-24,11321,9682.909680129902,쇠퇴기,2025-04-20,2025-06-15,2025-07-13
여름,제품전체(여름),여름,2025-08-31,8261,8181.084539470787,쇠퇴기,2025-04-20,2025-06-15,2025-07-13
여름,제품전체(여름),여름,2025-09-07,5899,6860.64902223635,쇠퇴기,2025-04-20,2025-06-15,2025-07-13
여름,제품전체(여름),여름,2025-09-14,5517,5717.311634381476,쇠퇴기,2025-04-20,2025-06-15,2025-07-13
여름,제품전체(여름),여름,2025-09-21,5400,4739.627922530752,쇠퇴기,2025-04-20,2025-06-15,2025-07-13
여름,제품전체(여름),여름,2025-09-28,1449,3912.1042826202465,쇠퇴기,2025-04-20,2025-06-15,2025-07-13
여름,제품전체(여름),여름,2025-10-05,0,3217.5041996030486,쇠퇴기,2025-04-20,2025-06-15,2025-07-13
,여름_니트 셔츠_라운드(V넥 등)_ZB,여름,,0,0.0,0,2025-01-05,2025-01-05,2025-01-05
,여름_니트 셔츠_라운드_ZB,여름,,0,0.0,0,2025-01-05,2025-01-05,2025-01-05
,여름_니트 셔츠_라운드_ZG,여름,,0,0.0,0,2025-01-05,2025-01-05,2025-01-05
,여름_니트 셔츠_티에리_ZA,여름,,0,0.0,0,2025-01-05,2025-01-05,2025-01-05
,여름_니트 셔츠_티에리_ZB,여름,,0,0.0,0,2025-01-05,2025-01-05,2025-01-05
,여름_수트_블레이져(수트)_ZA,여름,,0,0.0,0,2025-01-05,2025-01-05,2025-01-05
,여름_수트_블레이져(수트)_ZB,여름,,0,0.0,0,2025-01-05,2025-01-05,2025-01-05
,여름_수트_블레이져(수트)_ZC,여름,,0,0.0,0,2025-01-05,2025-01-05,2025-01-05
,여름_수트_수트팬츠_ZA,여름,,0,0.0,0,2025-01-05,2025-01-05,2025-01-05
,여름_수트_수트팬츠_ZB,여름,,0,0.0,0,2025-01-05,2025-01-05,2025-01-05
,여름_수트_수트팬츠_ZC,여름,,0,0.0,0,2025-01-05,2025-01-05,2025-01-05
,여름_스웨터_T-에리_ZA,여름,,0,0.0,0,2025-01-05,2025-01-05,2025-01-05
,여름_스웨터_T-에리_ZB,여름,,0,0.0,0,2025-01-05,2025-01-05,2025-01-05
,여름_스웨터_라운드_ZA,여름,,0,0.0,0,2025-01-05,2025-01-05,2025-01-05
,여름_스웨터_라운드_ZB,여름,,0,0.0,0,2025-01-05,2025-01-05,2025-01-05
,여름_스웨터_오픈형(CARDIGAN)_ZA,여름,,0,0.0,0,2025-01-05,2025-01-05,2025-01-05
,여름_우븐 셔츠_드레스셔츠_ZB,여름,,0,0.0,0,2025-01-05,2025-01-05,2025-01-05
,여름_우븐 셔츠_캐쥬얼셔츠_ZA,여름,,0,0.0,0,2025-01-05,2025-01-05,2025-01-05
,여름_우븐 셔츠_캐쥬얼셔츠_ZB,여름,2025-01-05,0,27.535502013060537,도입기,2025-05-11,2025-06-29,2025-07-27
,여름_우븐 셔츠_캐쥬얼셔츠_ZB,여름,2025-01-12,0,34.18827129500214,도입기,2025-05-11,2025-06-29,2025-07-27
,여름_우븐 셔츠_캐쥬얼셔츠_ZB,여름,2025-01-19,0,42.42807706484494,도입기,2025-05-11,2025-06-29,2025-07-27
,여름_우븐 셔츠_캐쥬얼셔츠_ZB,여름,2025-01-26,0,52.62250534448155,도입기,2025-05-11,2025-06-29,2025-07-27
,여름_우븐 셔츠_캐쥬얼셔츠_ZB,여름,2025-02-02,0,65.21833097139714,도입기,2025-05-11,2025-06-29,2025-07-27
,여름_우븐 셔츠_캐쥬얼셔츠_ZB,여름,2025-02-09,0,80.75534256070745,도입기,2025-05-11,2025-06-29,2025-07-27
,여름_우븐 셔츠_캐쥬얼셔츠_ZB,여름,2025-02-16,9,99.88076214992566,도입기,2025-05-11,2025-06-29,2025-07-27
,여름_우븐 셔츠_캐쥬얼셔츠_ZB,여름,2025-02-23,43,123.36308717852006,도입기,2025-05-11,2025-06-29,2025-07-27
,여름_우븐 셔츠_캐쥬얼셔츠_ZB,여름,2025-03-02,86,152.10334883998905,도입기,2025-05-11,2025-06-29,2025-07-27
,여름_우븐 셔츠_캐쥬얼셔츠_ZB,여름,2025-03-09,138,187.14058499717044,도입기,2025-05-11,2025-06-29,2025-07-27
,여름_우븐 셔츠_캐쥬얼셔츠_ZB,여름,2025-03-16,218,229.64669776709616,도입기,2025-05-11,2025-06-29,2025-07-27
,여름_우븐 셔츠_캐쥬얼셔츠_ZB,여름,2025-03-23,331,280.90379584412017,도입기,2025-05-11,2025-06-29,2025-07-27
,여름_우븐 셔츠_캐쥬얼셔츠_ZB,여름,2025-03-30,459,342.2547459622547,도입기,2025-05-11,2025-06-29,2025-07-27
,여름_우븐 셔츠_캐쥬얼셔츠_ZB,여름,2025-04-06,580,415.0153981310782,도입기,2025-05-11,2025-06-29,2025-07-27
,여름_우븐 셔츠_캐쥬얼셔츠_ZB,여름,2025-04-13,690,500.33570477619105,도입기,2025-05-11,2025-06-29,2025-07-27
,여름_우븐 셔츠_캐쥬얼셔츠_ZB,여름,2025-04-20,795,598.9983055359899,도입기,2025-05-11,2025-06-29,2025-07-27
,여름_우븐 셔츠_캐쥬얼셔츠_ZB,여름,2025-04-27,888,711.1494423530426,도입기,2025-05-11,2025-06-29,2025-07-27
,여름_우븐 셔츠_캐쥬얼셔츠_ZB,여름,2025-05-04,954,835.9711027267495,도입기,2025-05-11,2025-06-29,2025-07-27
,여름_우븐 셔츠_캐쥬얼셔츠_ZB,여름,2025-05-11,997,971.3272048451527,성장기,2025-05-11,2025-06-29,2025-07-27
,여름_우븐 셔츠_캐쥬얼셔츠_ZB,여름,2025-05-18,1046,1113.449658105319,성장기,2025-05-11,2025-06-29,2025-07-27
,여름_우븐 셔츠_캐쥬얼셔츠_ZB,여름,2025-05-25,1133,1256.765365044408,성장기,2025-05-11,2025-06-29,2025-07-27
,여름_우븐 셔츠_캐쥬얼셔츠_ZB,여름,2025-06-01,1252,1393.9871709415866,성장기,2025-05-11,2025-06-29,2025-07-27
,여름_우븐 셔츠_캐쥬얼셔츠_ZB,여름,2025-06-08,1373,1516.5779236828148,성장기,2025-05-11,2025-06-29,2025-07-27
,여름_우븐 셔츠_캐쥬얼셔츠_ZB,여름,2025-06-15,1478,1615.6272798465416,성장기,2025-05-11,2025-06-29,2025-07-27
,여름_우븐 셔츠_캐쥬얼셔츠_ZB,여름,2025-06-22,1580,1683.0556893538505,성장기,2025-05-11,2025-06-29,2025-07-27
,여름_우븐 셔츠_캐쥬얼셔츠_ZB,여름,2025-06-29,1695,1712.9146213817712,성숙기,2025-05-11,2025-06-29,2025-07-27
,여름_우븐 셔츠_캐쥬얼셔츠_ZB,여름,2025-07-06,1787,1702.454214687461,성숙기,2025-05-11,2025-06-29,2025-07-27
,여름_우븐 셔츠_캐쥬얼셔츠_ZB,여름,2025-07-13,1785,1652.6458944056467,성숙기,2025-05-11,2025-06-29,2025-07-27
,여름_우븐 셔츠_캐쥬얼셔츠_ZB,여름,2025-07-20,1660,1567.995724197077,성숙기,2025-05-11,2025-06-29,2025-07-27
,여름_우븐 셔츠_캐쥬얼셔츠_ZB,여름,2025-07-27,1468,1455.7079284735664,쇠퇴기,2025-05-11,2025-06-29,2025-07-27
,여름_우븐 셔츠_캐쥬얼셔츠_ZB,여름,2025-08-03,1308,1324.4539657841633,쇠퇴기,2025-05-11,2025-06-29,2025-07-27
,여름_우븐 셔츠_캐쥬얼셔츠_ZB,여름,2025-08-10,1224,1183.0850646584986,쇠퇴기,2025-05-11,2025-06-29,2025-07-27
,여름_우븐 셔츠_캐쥬얼셔츠_ZB,여름,2025-08-17,1157,1039.577177520423,쇠퇴기,2025-05-11,2025-06-29,2025-07-27
,여름_우븐 셔츠_캐쥬얼셔츠_ZB,여름,2025-08-24,1016,900.3654345822652,쇠퇴기,2025-05-11,2025-06-29,2025-07-27
,여름_우븐 셔츠_캐쥬얼셔츠_ZB,여름,2025-08-31,785,770.0833778482047,쇠퇴기,2025-05-11,2025-06-29,2025-07-27
,여름_우븐 셔츠_캐쥬얼셔츠_ZB,여름,2025-09-07,545,651.6238199695981,쇠퇴기,2025-05-11,2025-06-29,2025-07-27
,여름_우븐 셔츠_캐쥬얼셔츠_ZB,여름,2025-09-14,391,546.3990895483112,쇠퇴기,2025-05-11,2025-06-29,2025-07-27
,여름_우븐 셔츠_캐쥬얼셔츠_ZB,여름,2025-09-21,337,454.6860255515676,쇠퇴기,2025-05-11,2025-06-29,2025-07-27
,여름_우븐 셔츠_캐쥬얼셔츠_ZB,여름,2025-09-28,328,375.9723651465574,쇠퇴기,2025-05-11,2025-06-29,2025-07-27
,여름_우븐 셔츠_캐쥬얼셔츠_ZB,여름,2025-10-05,322,309.25662143339287,쇠퇴기,2025-05-11,2025-06-29,2025-07-27
,여름_자켓_싱글재킷_ZA,여름,,0,0.0,0,2025-01-05,2025-01-05,2025-01-05
,여름_자켓_싱글재킷_ZB,여름,,0,0.0,0,2025-01-05,2025-01-05,2025-01-05
,여름_점퍼_점퍼_ZA,여름,,0,0.0,0,2025-01-05,2025-01-05,2025-01-05
,여름_점퍼_점퍼_ZB,여름,,0,0.0,0,2025-01-05,2025-01-05,2025-01-05
,여름_점퍼_점퍼_ZG,여름,,0,0.0,0,2025-01-05,2025-01-05,2025-01-05
,여름_팬츠_니트팬츠_ZB,여름,,0,0.0,0,2025-01-05,2025-01-05,2025-01-05
,여름_팬츠_반바지_ZA,여름,,0,0.0,0,2025-01-05,2025-01-05,2025-01-05
,여름_팬츠_반바지_ZB,여름,,0,0.0,0,2025-01-05,2025-01-05,2025-01-05
,여름_팬츠_반바지_ZG,여름,,0,0.0,0,2025-01-05,2025-01-05,2025-01-05
,여름_팬츠_팬츠(일반)_ZA,여름,,0,0.0,0,2025-01-05,2025-01-05,2025-01-05
,여름_팬츠_팬츠(일반)_ZB,여름,,0,0.0,0,2025-01-05,2025-01-05,2025-01-05
,여름_팬츠_팬츠(일반)_ZG,여름,,0,0.0,0,2025-01-05,2025-01-05,2025-01-05
가을,제품전체(가을),가을,2025-01-05,0,5.4268938065148955,도입기,2025-08-10,2025-10-05,2025-10-19
가을,제품전체(가을),가을,2025-01-12,0,6.640554707778959,도입기,2025-08-10,2025-10-05,2025-10-19
가을,제품전체(가을),가을,2025-01-19,0,8.125318051604228,도입기,2025-08-10,2025-10-05,2025-10-19
가을,제품전체(가을),가을,2025-01-26,0,9.941583146861525,도입기,2025-08-10,2025-10-05,2025-10-19
가을,제품전체(가을),가을,2025-02-02,0,12.16312698490438,도입기,2025-08-10,2025-10-05,2025-10-19
가을,제품전체(가을),가을,2025-02-09,0,14.880028044141504,도입기,2025-08-10,2025-10-05,2025-10-19
가을,제품전체(가을),가을,2025-02-16,0,18.202209582455552,도입기,2025-08-10,2025-10-05,2025-10-19
가을,제품전체(가을),가을,2025-02-23,0,22.263723863691965,도입기,2025-08-10,2025-10-05,2025-10-19
가을,제품전체(가을),가을,2025-03-02,0,27.227917541757364,도입기,2025-08-10,2025-10-05,2025-10-19
가을,제품전체(가을),가을,2025-03-09,0,33.29363735859742,도입기,2025-08-10,2025-10-05,2025-10-19
가을,제품전체(가을),가을,2025-03-16,0,40.70265253331766,도입기,2025-08-10,2025-10-05,2025-10-19
가을,제품전체(가을),가을,2025-03-23,0,49.748482589083295,도입기,2025-08-10,2025-10-05,2025-10-19
가을,제품전체(가을),가을,2025-03-30,0,60.7868218330585,도입기,2025-08-10,2025-10-05,2025-10-19
가을,제품전체(가을),가을,2025-04-06,0,74.2477364184233,도입기,2025-08-10,2025-10-05,2025-10-19
가을,제품전체(가을),가을,2025-04-13,0,90.64976499060572,도입기,2025-08-10,2025-10-05,2025-10-19
가을,제품전체(가을),가을,2025-04-20,0,110.6159618150229,도입기,2025-08-10,2025-10-05,2025-10-19
가을,제품전체(가을),가을,2025-04-27,0,134.89175678256083,도입기,2025-08-10,2025-10-05,2025-10-19
가을,제품전체(가을),가을,2025-05-04,0,164.3642345556692,도입기,2025-08-10,2025-10-05,2025-10-19
가을,제품전체(가을),가을,2025-05-11,0,200.082007809551,도입기,2025-08-10,2025-10-05,2025-10-19
가을,제품전체(가을),가을,2025-05-18,248,243.27421579151041,도입기,2025-08-10,2025-10-05,2025-10-19
가을,제품전체(가을),가을,2025-05-25,860,295.3662455050653,도입기,2025-08-10,2025-10-05,2025-10-19
가을,제품전체(가을),가을,2025-06-01,198,357.9884693239476,도입기,2025-08-10,2025-10-05,2025-10-19
가을,제품전체(가을),가을,2025-06-08,0,432.9725524302464,도입기,2025-08-10,2025-10-05,2025-10-19
가을,제품전체(가을),가을,2025-06-15,324,522.3276872243769,도입기,2025-08-10,2025-10-05,2025-10-19
가을,제품전체(가을),가을,2025-06-22,1396,628.1865543910176,도입기,2025-08-10,2025-10-05,2025-10-19
가을,제품전체(가을),가을,2025-06-29,1855,752.7082041321855,도입기,2025-08-10,2025-10-05,2025-10-19
가을,제품전체(가을),가을,2025-07-06,1425,897.9230737960534,도입기,2025-08-10,2025-10-05,2025-10-19
가을,제품전체(가을),가을,2025-07-13,831,1065.505224551278,도입기,2025-08-10,2025-10-05,2025-10-19
가을,제품전체(가을),가을,2025-07-20,815,1256.4604736844922,도입기,2025-08-10,2025-10-05,2025-10-19
가을,제품전체(가을),가을,2025-07-27,1336,1470.7289188640007,도입기,2025-08-10,2025-10-05,2025-10-19
가을,제품전체(가을),가을,2025-08-03,1829,1706.7190208955635,도입기,2025-08-10,2025-10-05,2025-10-19
가을,제품전체(가을),가을,2025-08-10,1984,1960.8194538420885,성장기,2025-08-10,2025-10-05,2025-10-19
가을,제품전체(가을),가을,2025-08-17,2015,2226.972617854526,성장기,2025-08-10,2025-10-05,2025-10-19
가을,제품전체(가을),가을,2025-08-24,2216,2496.432355187786,성장기,2025-08-10,2025-10-05,2025-10-19
가을,제품전체(가을),가을,2025-08-31,2557,2757.8525168360393,성장기,2025-08-10,2025-10-05,2025-10-19
가을,제품전체(가을),가을,2025-09-07,2833,2997.8409244125505,성장기,2025-08-10,2025-10-05,2025-10-19
가을,제품전체(가을),가을,2025-09-14,3039,3202.0450248552297,성장기,2025-08-10,2025-10-05,2025-10-19
가을,제품전체(가을),가을,2025-09-21,3346,3356.7071633874075,성장기,2025-08-10,2025-10-05,2025-10-19
가을,제품전체(가을),가을,2025-09-28,3749,3450.4652056200466,성장기,2025-08-10,2025-10-05,2025-10-19
가을,제품전체(가을),가을,2025-10-05,3962,3476.03692805046,성숙기,2025-08-10,2025-10-05,2025-10-19
가을,제품전체(가을),가을,2025-10-12,3776,3431.3845806156605,성숙기,2025-08-10,2025-10-05,2025-10-19
가을,제품전체(가을),가을,2025-10-19,3361,3320.052006663762,쇠퇴기,2025-08-10,2025-10-05,2025-10-19
가을,제품전체(가을),가을,2025-10-26,3022,3150.5814733553634,쇠퇴기,2025-08-10,2025-10-05,2025-10-19
가을,제품전체(가을),가을,2025-11-02,2761,2935.169785811733,쇠퇴기,2025-08-10,2025-10-05,2025-10-19
가을,제품전체(가을),가을,2025-11-09,2335,2687.9114499317293,쇠퇴기,2025-08-10,2025-10-05,2025-10-19
가을,제품전체(가을),가을,2025-11-16,1820,2423.0338282228186,쇠퇴기,2025-08-10,2025-10-05,2025-10-19
가을,제품전체(가을),가을,2025-11-23,1783,2153.4549646365485,쇠퇴기,2025-08-10,2025-10-05,2025-10-19
가을,제품전체(가을),가을,2025-11-30,2548,1889.8435179161243,쇠퇴기,2025-08-10,2025-10-05,2025-10-19
가을,제품전체(가을),가을,2025-12-07,3344,1640.2026640551558,쇠퇴기,2025-08-10,2025-10-05,2025-10-19
,가을_니트 셔츠_라운드_ZB,가을,,0,0.0,0,2025-01-05,2025-01-05,2025-01-05
,가을_니트 셔츠_티에리_ZB,가을,,0,0.0,0,2025-01-05,2025-01-05,2025-01-05
,가을_수트_블레이져(수트)_ZB,가을,,0,0.0,0,2025-01-05,2025-01-05,2025-01-05
,가을_수트_블레이져(수트)_ZC,가을,,0,0.0,0,2025-01-05,2025-01-05,2025-01-05
,가을_수트_수트팬츠_ZB,가을,,0,0.0,0,2025-01-05,2025-01-05,2025-01-05
,가을_수트_수트팬츠_ZC,가을,,0,0.0,0,2025-01-05,2025-01-05,2025-01-05
,가을_스웨터_T-에리_ZA,가을,,0,0.0,0,2025-01-05,2025-01-05,2025-01-05
,가을_스웨터_T-에리_ZB,가을,,0,0.0,0,2025-01-05,2025-01-05,2025-01-05
,가을_스웨터_오픈형(CARDIGAN)_ZB,가을,,0,0.0,0,2025-01-05,2025-01-05,2025-01-05
,가을_우븐 셔츠_캐쥬얼셔츠_ZB,가을,,0,0.0,0,2025-01-05,2025-01-05,2025-01-05
,가을_자켓_싱글재킷_ZA,가을,,0,0.0,0,2025-01-05,2025-01-05,2025-01-05
,가을_점퍼_점퍼_ZA,가을,,0,0.0,0,2025-01-05,2025-01-05,2025-01-05
,가을_코트_싱글코트_ZB,가을,,0,0.0,0,2025-01-05,2025-01-05,2025-01-05
,가을_팬츠_니트팬츠_ZB,가을,,0,0.0,0,2025-01-05,2025-01-05,2025-01-05
,가을_팬츠_팬츠(일반)_ZA,가을,,0,0.0,0,2025-01-05,2025-01-05,2025-01-05
,가을_팬츠_팬츠(일반)_ZB,가을,,0,0.0,0,2025-01-05,2025-01-05,2025-01-05
겨울,제품전체(겨울),겨울,2025-06-01,0,23.7778843829044,도입기,2025-10-26,2025-11-30,2025-12-07
겨울,제품전체(겨울),겨울,2025-06-08,0,31.95854103008681,도입기,2025-10-26,2025-11-30,2025-12-07
겨울,제품전체(겨울),겨울,2025-06-15,0,42.949551892919445,도입기,2025-10-26,2025-11-30,2025-12-07
겨울,제품전체(겨울),겨울,2025-06-22,0,57.71302395501081,도입기,2025-10-26,2025-11-30,2025-12-07
겨울,제품전체(겨울),겨울,2025-06-29,0,77.53773410330692,도입기,2025-10-26,2025-11-30,2025-12-07
겨울,제품전체(겨울),겨울,2025-07-06,0,104.14786869877096,도입기,2025-10-26,2025-11-30,2025-12-07
겨울,제품전체(겨울),겨울,2025-07-13,171,139.84620236226215,도입기,2025-10-26,2025-11-30,2025-12-07
겨울,제품전체(겨울),겨울,2025-07-20,0,187.70119195744883,도입기,2025-10-26,2025-11-30,2025-12-07
겨울,제품전체(겨울),겨울,2025-07-27,0,251.7888659886138,도입기,2025-10-26,2025-11-30,2025-12-07
겨울,제품전체(겨울),겨울,2025-08-03,75,337.5008695861509,도입기,2025-10-26,2025-11-30,2025-12-07
겨울,제품전체(겨울),겨울,2025-08-10,134,451.9282550019327,도입기,2025-10-26,2025-11-30,2025-12-07
겨울,제품전체(겨울),겨울,2025-08-17,92,604.3241658050715,도입기,2025-10-26,2025-11-30,2025-12-07
겨울,제품전체(겨울),겨울,2025-08-24,274,806.6332686811065,도입기,2025-10-26,2025-11-30,2025-12-07
겨울,제품전체(겨울),겨울,2025-08-31,764,1074.0448547375158,도입기,2025-10-26,2025-11-30,2025-12-07
겨울,제품전체(겨울),겨울,2025-09-07,1333,1425.4698344221142,도입기,2025-10-26,2025-11-30,2025-12-07
겨울,제품전체(겨울),겨울,2025-09-14,1891,1883.7462035020135,도입기,2025-10-26,2025-11-30,2025-12-07
겨울,제품전체(겨울),겨울,2025-09-21,2717,2475.230295589642,도입기,2025-10-26,2025-11-30,2025-12-07
겨울,제품전체(겨울),겨울,2025-09-28,4059,3228.231476112467,도입기,2025-10-26,2025-11-30,2025-12-07
겨울,제품전체(겨울),겨울,2025-10-05,5668,4169.533072081087,도입기,2025-10-26,2025-11-30,2025-12-07
겨울,제품전체(겨울),겨울,2025-10-12,6943,5318.1338019106115,도입기,2025-10-26,2025-11-30,2025-12-07
겨울,제품전체(겨울),겨울,2025-10-19,7577,6675.603444619555,도입기,2025-10-26,2025-11-30,2025-12-07
겨울,제품전체(겨울),겨울,2025-10-26,7931,8213.481079740024,성장기,2025-10-26,2025-11-30,2025-12-07
겨울,제품전체(겨울),겨울,2025-11-02,8693,9860.317459430516,성장기,2025-10-26,2025-11-30,2025-12-07
겨울,제품전체(겨울),겨울,2025-11-09,10223,11494.038585395065,성장기,2025-10-26,2025-11-30,2025-12-07
겨울,제품전체(겨울),겨울,2025-11-16,12245,12947.639378750733,성장기,2025-10-26,2025-11-30,2025-12-07
겨울,제품전체(겨울),겨울,2025-11-23,14055,14034.621127181628,성장기,2025-10-26,2025-11-30,2025-12-07
겨울,제품전체(겨울),겨울,2025-11-30,14955,14592.47977854556,성숙기,2025-10-26,2025-11-30,2025-12-07
겨울,제품전체(겨울),겨울,2025-12-07,14679,14530.22762109508,쇠퇴기,2025-10-26,2025-11-30,2025-12-07
겨울,제품전체(겨울),겨울,2025-12-14,13676,13858.272043302059,쇠퇴기,2025-10-26,2025-11-30,2025-12-07
겨울,제품전체(겨울),겨울,2025-12-21,12993,12684.888376921765,쇠퇴기,2025-10-26,2025-11-30,2025-12-07
겨울,제품전체(겨울),겨울,2025-12-28,13425,11181.218079161568,쇠퇴기,2025-10-26,2025-11-30,2025-12-07
,겨울_니트 셔츠_라운드_ZA,겨울,,0,0.0,0,2025-01-05,2025-01-05,2025-01-05
,겨울_니트 셔츠_라운드_ZB,겨울,,0,0.0,0,2025-01-05,2025-01-05,2025-01-05
,겨울_니트 셔츠_라운드_ZG,겨울,,0,0.0,0,2025-01-05,2025-01-05,2025-01-05
,겨울_니트 셔츠_오픈형티(맨투맨 등)_ZB,겨울,,0,0.0,0,2025-01-05,2025-01-05,2025-01-05
,겨울_니트 셔츠_오픈형티(맨투맨 등)_ZG,겨울,,0,0.0,0,2025-01-05,2025-01-05,2025-01-05
,겨울_니트 셔츠_티에리_ZA,겨울,,0,0.0,0,2025-01-05,2025-01-05,2025-01-05
,겨울_니트 셔츠_티에리_ZB,겨울,,0,0.0,0,2025-01-05,2025-01-05,2025-01-05
,겨울_니트 셔츠_후드티_ZB,겨울,,0,0.0,0,2025-01-05,2025-01-05,2025-01-05
,겨울_니트 셔츠_후드티_ZG,겨울,,0,0.0,0,2025-01-05,2025-01-05,2025-01-05
,겨울_사파리_패딩사파리_ZA,겨울,,0,0.0,0,2025-01-05,2025-01-05,2025-01-05
,겨울_사파리_패딩사파리_ZB,겨울,2025-06-01,0,7.918380482284234e-05,도입기,2025-11-16,2025-11-30,2025-12-07
,겨울_사파리_패딩사파리_ZB,겨울,2025-06-08,3,0.00016095320307516088,도입기,2025-11-16,2025-11-30,2025-12-07
,겨울_사파리_패딩사파리_ZB,겨울,2025-06-15,0,0.0003271620139207329,도입기,2025-11-16,2025-11-30,2025-12-07
,겨울_사파리_패딩사파리_ZB,겨울,2025-06-22,0,0.0006650068274725765,도입기,2025-11-16,2025-11-30,2025-12-07
,겨울_사파리_패딩사파리_ZB,겨울,2025-06-29,0,0.001351727965904429,도입기,2025-11-16,2025-11-30,2025-12-07
,겨울_사파리_패딩사파리_ZB,겨울,2025-07-06,0,0.002747593118896129,도입기,2025-11-16,2025-11-30,2025-12-07
,겨울_사파리_패딩사파리_ZB,겨울,2025-07-13,61,0.00558489986795558,도입기,2025-11-16,2025-11-30,2025-12-07
,겨울_사파리_패딩사파리_ZB,겨울,2025-07-20,0,0.011352148326457015,도입기,2025-11-16,2025-11-30,2025-12-07
,겨울_사파리_패딩사파리_ZB,겨울,2025-07-27,0,0.02307491462320283,도입기,2025-11-16,2025-11-30,2025-12-07
,겨울_사파리_패딩사파리_ZB,겨울,2025-08-03,0,0.04690302877862336,도입기,2025-11-16,2025-11-30,2025-12-07
,겨울_사파리_패딩사파리_ZB,겨울,2025-08-10,0,0.09533647979533107,도입기,2025-11-16,2025-11-30,2025-12-07
,겨울_사파리_패딩사파리_ZB,겨울,2025-08-17,0,0.19378141748597272,도입기,2025-11-16,2025-11-30,2025-12-07
,겨울_사파리_패딩사파리_ZB,겨울,2025-08-24,0,0.39387150320096853,도입기,2025-11-16,2025-11-30,2025-12-07
,겨울_사파리_패딩사파리_ZB,겨울,2025-08-31,14,0.8005260701422457,도입기,2025-11-16,2025-11-30,2025-12-07
,겨울_사파리_패딩사파리_ZB,겨울,2025-09-07,0,1.62686934712373,도입기,2025-11-16,2025-11-30,2025-12-07
,겨울_사파리_패딩사파리_ZB,겨울,2025-09-14,0,3.3055293838069932,도입기,2025-11-16,2025-11-30,2025-12-07
,겨울_사파리_패딩사파리_ZB,겨울,2025-09-21,15,6.713497885216557,도입기,2025-11-16,2025-11-30,2025-12-07
,겨울_사파리_패딩사파리_ZB,겨울,2025-09-28,7,13.623545691183512,도입기,2025-11-16,2025-11-30,2025-12-07
,겨울_사파리_패딩사파리_ZB,겨울,2025-10-05,1,27.598657963173466,도입기,2025-11-16,2025-11-30,2025-12-07
,겨울_사파리_패딩사파리_ZB,겨울,2025-10-12,48,55.716129667742436,도입기,2025-11-16,2025-11-30,2025-12-07
,겨울_사파리_패딩사파리_ZB,겨울,2025-10-19,113,111.6969465278302,도입기,2025-11-16,2025-11-30,2025-12-07
,겨울_사파리_패딩사파리_ZB,겨울,2025-10-26,143,220.82243888477205,도입기,2025-11-16,2025-11-30,2025-12-07
,겨울_사파리_패딩사파리_ZB,겨울,2025-11-02,230,424.7644640034341,도입기,2025-11-16,2025-11-30,2025-12-07
,겨울_사파리_패딩사파리_ZB,겨울,2025-11-09,581,775.6233950139427,도입기,2025-11-16,2025-11-30,2025-12-07
,겨울_사파리_패딩사파리_ZB,겨울,2025-11-16,1230,1290.4165846401224,성장기,2025-11-16,2025-11-30,2025-12-07
,겨울_사파리_패딩사파리_ZB,겨울,2025-11-23,1869,1847.1128206806625,성장기,2025-11-16,2025-11-30,2025-12-07
,겨울_사파리_패딩사파리_ZB,겨울,2025-11-30,2120,2145.5463852239636,성숙기,2025-11-16,2025-11-30,2025-12-07
,겨울_사파리_패딩사파리_ZB,겨울,2025-12-07,1999,1962.6063383848477,쇠퇴기,2025-11-16,2025-11-30,2025-12-07
,겨울_사파리_패딩사파리_ZB,겨울,2025-12-14,1940,1439.8602272478238,쇠퇴기,2025-11-16,2025-11-30,2025-12-07
,겨울_사파리_패딩사파리_ZB,겨울,2025-12-21,2248,894.3864645132453,쇠퇴기,2025-11-16,2025-11-30,2025-12-07
,겨울_사파리_패딩사파리_ZB,겨울,2025-12-28,2575,499.38551737441594,쇠퇴기,2025-11-16,2025-11-30,2025-12-07
,겨울_수트_블레이져(수트)_ZA,겨울,,0,0.0,0,2025-01-05,2025-01-05,2025-01-05
,겨울_수트_블레이져(수트)_ZB,겨울,,0,0.0,0,2025-01-05,2025-01-05,2025-01-05
,겨울_수트_블레이져(수트)_ZC,겨울,,0,0.0,0,2025-01-05,2025-01-05,2025-01-05
,겨울_수트_수트팬츠_ZA,겨울,,0,0.0,0,2025-01-05,2025-01-05,2025-01-05
,겨울_수트_수트팬츠_ZB,겨울,,0,0.0,0,2025-01-05,2025-01-05,2025-01-05
,겨울_수트_수트팬츠_ZC,겨울,,0,0.0,0,2025-01-05,2025-01-05,2025-01-05
,겨울_스웨터_T-에리_ZA,겨울,,0,0.0,0,2025-01-05,2025-01-05,2025-01-05
,겨울_스웨터_T-에리_ZB,겨울,,0,0.0,0,2025-01-05,2025-01-05,2025-01-05
,겨울_스웨터_Turtle_ZA,겨울,,0,0.0,0,2025-01-05,2025-01-05,2025-01-05
,겨울_스웨터_Turtle_ZB,겨울,,0,0.0,0,2025-01-05,2025-01-05,2025-01-05
,겨울_스웨터_VEST_ZB,겨울,,0,0.0,0,2025-01-05,2025-01-05,2025-01-05
,겨울_스웨터_라운드_ZA,겨울,,0,0.0,0,2025-01-05,2025-01-05,2025-01-05
,겨울_스웨터_라운드_ZB,겨울,,0,0.0,0,2025-01-05,2025-01-05,2025-01-05
,겨울_스웨터_오픈형(CARDIGAN)_ZA,겨울,,0,0.0,0,2025-01-05,2025-01-05,2025-01-05
,겨울_스웨터_오픈형(CARDIGAN)_ZB,겨울,,0,0.0,0,2025-01-05,2025-01-05,2025-01-05
,겨울_우븐 셔츠_캐쥬얼셔츠_ZA,겨울,,0,0.0,0,2025-01-05,2025-01-05,2025-01-05
,겨울_우븐 셔츠_캐쥬얼셔츠_ZB,겨울,,0,0.0,0,2025-01-05,2025-01-05,2025-01-05
,겨울_자켓_싱글재킷_ZA,겨울,,0,0.0,0,2025-01-05,2025-01-05,2025-01-05
,겨울_점퍼_점퍼_ZA,겨울,,0,0.0,0,2025-01-05,2025-01-05,2025-01-05
,겨울_점퍼_점퍼_ZB,겨울,,0,0.0,0,2025-01-05,2025-01-05,2025-01-05
,겨울_점퍼_점퍼_ZG,겨울,,0,0.0,0,2025-01-05,2025-01-05,2025-01-05
,겨울_점퍼_패딩점퍼_ZB,겨울,,0,0.0,0,2025-01-05,2025-01-05,2025-01-05
,겨울_조끼_패딩베스트_ZB,겨울,,0,0.0,0,2025-01-05,2025-01-05,2025-01-05
,겨울_코트_더블코트_ZA,겨울,,0,0.0,0,2025-01-05,2025-01-05,2025-01-05
,겨울_코트_더블코트_ZB,겨울,,0,0.0,0,2025-01-05,2025-01-05,2025-01-05
,겨울_코트_싱글코트_ZA,겨울,,0,0.0,0,2025-01-05,2025-01-05,2025-01-05
,겨울_코트_싱글코트_ZB,겨울,,0,0.0,0,2025-01-05,2025-01-05,2025-01-05
,겨울_팬츠_니트팬츠_ZB,겨울,,0,0.0,0,2025-01-05,2025-01-05,2025-01-05
,겨울_팬츠_니트팬츠_ZG,겨울,,0,0.0,0,2025-01-05,2025-01-05,2025-01-05
,겨울_팬츠_팬츠(일반)_ZA,겨울,,0,0.0,0,2025-01-05,2025-01-05,2025-01-05
,겨울_팬츠_팬츠(일반)_ZB,겨울,2025-06-01,0,1.8174947383982214,도입기,2025-10-26,2025-11-30,2025-12-07
,겨울_팬츠_팬츠(일반)_ZB,겨울,2025-06-08,0,2.55659682741366,도입기,2025-10-26,2025-11-30,2025-12-07
,겨울_팬츠_팬츠(일반)_ZB,겨울,2025-06-15,0,3.596099454684703,도입기,2025-10-26,2025-11-30,2025-12-07
,겨울_팬츠_팬츠(일반)_ZB,겨울,2025-06-22,0,5.057938270252719,도입기,2025-10-26,2025-11-30,2025-12-07
,겨울_팬츠_팬츠(일반)_ZB,겨울,2025-06-29,0,7.113388208797476,도입기,2025-10-26,2025-11-30,2025-12-07
,겨울_팬츠_팬츠(일반)_ZB,겨울,2025-07-06,0,10.002875595708442,도입기,2025-10-26,2025-11-30,2025-12-07
,겨울_팬츠_팬츠(일반)_ZB,겨울,2025-07-13,0,14.06359679761417,도입기,2025-10-26,2025-11-30,2025-12-07
,겨울_팬츠_팬츠(일반)_ZB,겨울,2025-07-20,0,19.767873234121765,도입기,2025-10-26,2025-11-30,2025-12-07
,겨울_팬츠_팬츠(일반)_ZB,겨울,2025-07-27,0,27.776127208574437,도입기,2025-10-26,2025-11-30,2025-12-07
,겨울_팬츠_팬츠(일반)_ZB,겨울,2025-08-03,0,39.00948011489457,도입기,2025-10-26,2025-11-30,2025-12-07
,겨울_팬츠_팬츠(일반)_ZB,겨울,2025-08-10,5,54.7481102691591,도입기,2025-10-26,2025-11-30,2025-12-07
,겨울_팬츠_팬츠(일반)_ZB,겨울,2025-08-17,35,76.76227344708448,도입기,2025-10-26,2025-11-30,2025-12-07
,겨울_팬츠_팬츠(일반)_ZB,겨울,2025-08-24,66,107.4824037827035,도입기,2025-10-26,2025-11-30,2025-12-07
,겨울_팬츠_팬츠(일반)_ZB,겨울,2025-08-31,115,150.21116169144784,도입기,2025-10-26,2025-11-30,2025-12-07
,겨울_팬츠_팬츠(일반)_ZB,겨울,2025-09-07,123,209.37022028592332,도입기,2025-10-26,2025-11-30,2025-12-07
,겨울_팬츠_팬츠(일반)_ZB,겨울,2025-09-14,153,290.7519056808334,도입기,2025-10-26,2025-11-30,2025-12-07
,겨울_팬츠_팬츠(일반)_ZB,겨울,2025-09-21,353,401.7009927267901,도입기,2025-10-26,2025-11-30,2025-12-07
,겨울_팬츠_팬츠(일반)_ZB,겨울,2025-09-28,741,551.0728111493165,도입기,2025-10-26,2025-11-30,2025-12-07
,겨울_팬츠_팬츠(일반)_ZB,겨울,2025-10-05,1137,748.6919765399318,도입기,2025-10-26,2025-11-30,2025-12-07
,겨울_팬츠_팬츠(일반)_ZB,겨울,2025-10-12,1344,1003.8873202585646,도입기,2025-10-26,2025-11-30,2025-12-07
,겨울_팬츠_팬츠(일반)_ZB,겨울,2025-10-19,1376,1322.587144798806,도입기,2025-10-26,2025-11-30,2025-12-07
,겨울_팬츠_팬츠(일반)_ZB,겨울,2025-10-26,1451,1702.6398814138165,성장기,2025-10-26,2025-11-30,2025-12-07
,겨울_팬츠_팬츠(일반)_ZB,겨울,2025-11-02,1781,2127.8333896857202,성장기,2025-10-26,2025-11-30,2025-12-07
,겨울_팬츠_팬츠(일반)_ZB,겨울,2025-11-09,2379,2562.7729259006337,성장기,2025-10-26,2025-11-30,2025-12-07
,겨울_팬츠_팬츠(일반)_ZB,겨울,2025-11-16,3053,2952.7922784204547,성장기,2025-10-26,2025-11-30,2025-12-07
,겨울_팬츠_팬츠(일반)_ZB,겨울,2025-11-23,3523,3233.3280220113847,성장기,2025-10-26,2025-11-30,2025-12-07
,겨울_팬츠_팬츠(일반)_ZB,겨울,2025-11-30,3577,3349.02115040617,성숙기,2025-10-26,2025-11-30,2025-12-07
,겨울_팬츠_팬츠(일반)_ZB,겨울,2025-12-07,3208,3274.8965711286583,쇠퇴기,2025-10-26,2025-11-30,2025-12-07
,겨울_팬츠_팬츠(일반)_ZB,겨울,2025-12-14,2703,3027.0992265247914,쇠퇴기,2025-10-26,2025-11-30,2025-12-07
,겨울_팬츠_팬츠(일반)_ZB,겨울,2025-12-21,2514,2655.875977698175,쇠퇴기,2025-10-26,2025-11-30,2025-12-07
,겨울_팬츠_팬츠(일반)_ZB,겨울,2025-12-28,2860,2225.6438625789488,쇠퇴기,2025-10-26,2025-11-30,2025-12-07
,겨울_팬츠_팬츠(일반)_ZG,겨울,,0,0.0,0,2025-01-05,2025-01-05,2025-01-05
사계절,제품전체(사계절),사계절,2025-01-05,2241,3656.913154855855,성장기,2025-01-05,2025-05-04,2025-08-31
사계절,제품전체(사계절),사계절,2025-01-12,2444,3682.9016557697273,성장기,2025-01-05,2025-05-04,2025-08-31
사계절,제품전체(사계절),사계절,2025-01-19,2656,3707.5117034899786,성장기,2025-01-05,2025-05-04,2025-08-31
사계절,제품전체(사계절),사계절,2025-01-26,2925,3730.7027681074705,성장기,2025-01-05,2025-05-04,2025-08-31
사계절,제품전체(사계절),사계절,2025-02-02,3267,3752.436276265091,성장기,2025-01-05,2025-05-04,2025-08-31
사계절,제품전체(사계절),사계절,2025-02-09,3638,3772.6757439461835,성장기,2025-01-05,2025-05-04,2025-08-31
사계절,제품전체(사계절),사계절,2025-02-16,3985,3791.386903713341,성장기,2025-01-05,2025-05-04,2025-08-31
사계절,제품전체(사계절),사계절,2025-02-23,4300,3808.5378256554322,성장기,2025-01-05,2025-05-04,2025-08-31
사계절,제품전체(사계절),사계절,2025-03-02,4612,3824.099031325015,성장기,2025-01-05,2025-05-04,2025-08-31
사계절,제품전체(사계절),사계절,2025-03-09,4928,3838.043599980265,성장기,2025-01-05,2025-05-04,2025-08-31
사계절,제품전체(사계절),사계절,2025-03-16,5195,3850.347266484285,성장기,2025-01-05,2025-05-04,2025-08-31
사계절,제품전체(사계절),사계절,2025-03-23,5331,3860.9885102568296,성장기,2025-01-05,2025-05-04,2025-08-31
사계절,제품전체(사계절),사계절,2025-03-30,5295,3869.948634724613,성장기,2025-01-05,2025-05-04,2025-08-31
사계절,제품전체(사계절),사계절,2025-04-06,5102,3877.2118367702788,성장기,2025-01-05,2025-05-04,2025-08-31
사계절,제품전체(사계절),사계절,2025-04-13,4791,3882.76526573953,성장기,2025-01-05,2025-05-04,2025-08-31
사계절,제품전체(사계절),사계절,2025-04-20,4397,3886.59907162992,성장기,2025-01-05,2025-05-04,2025-08-31
사계절,제품전체(사계절),사계절,2025-04-27,3966,3888.7064421516916,성장기,2025-01-05,2025-05-04,2025-08-31
사계절,제품전체(사계절),사계절,2025-05-04,3580,3889.0836284228208,성숙기,2025-01-05,2025-05-04,2025-08-31
사계절,제품전체(사계절),사계절,2025-05-11,3338,3887.72995913068,성숙기,2025-01-05,2025-05-04,2025-08-31
사계절,제품전체(사계절),사계절,2025-05-18,3278,3884.6478430697316,성숙기,2025-01-05,2025-05-04,2025-08-31
사계절,제품전체(사계절),사계절,2025-05-25,3336,3879.8427600385767,성숙기,2025-01-05,2025-05-04,2025-08-31
사계절,제품전체(사계절),사계절,2025-06-01,3403,3873.3232401544665,성숙기,2025-01-05,2025-05-04,2025-08-31
사계절,제품전체(사계절),사계절,2025-06-08,3434,3865.100831720978,성숙기,2025-01-05,2025-05-04,2025-08-31
사계절,제품전체(사계절),사계절,2025-06-15,3473,3855.1900578540517,성숙기,2025-01-05,2025-05-04,2025-08-31
사계절,제품전체(사계절),사계절,2025-06-22,3564,3843.608362147177,성숙기,2025-01-05,2025-05-04,2025-08-31
사계절,제품전체(사계절),사계절,2025-06-29,3647,3830.3760437221354,성숙기,2025-01-05,2025-05-04,2025-08-31
사계절,제품전체(사계절),사계절,2025-07-06,3573,3815.516182079242,성숙기,2025-01-05,2025-05-04,2025-08-31
사계절,제품전체(사계절),사계절,2025-07-13,3261,3799.0545522208995,성숙기,2025-01-05,2025-05-04,2025-08-31
사계절,제품전체(사계절),사계절,2025-07-20,2828,3781.0195305800153,성숙기,2025-01-05,2025-05-04,2025-08-31
사계절,제품전체(사계절),사계절,2025-07-27,2543,3761.441992336593,성숙기,2025-01-05,2025-05-04,2025-08-31
사계절,제품전체(사계절),사계절,2025-08-03,2610,3740.3552007514227,성숙기,2025-01-05,2025-05-04,2025-08-31
사계절,제품전체(사계절),사계절,2025-08-10,2999,3717.794689187547,성숙기,2025-01-05,2025-05-04,2025-08-31
사계절,제품전체(사계절),사계절,2025-08-17,3479,3693.7981365227897,성숙기,2025-01-05,2025-05-04,2025-08-31
사계절,제품전체(사계절),사계절,2025-08-24,3821,3668.405236687846,성숙기,2025-01-05,2025-05-04,2025-08-31
사계절,제품전체(사계절),사계절,2025-08-31,3974,3641.657563081346,쇠퇴기,2025-01-05,2025-05-04,2025-08-31
사계절,제품전체(사계절),사계절,2025-09-07,4059,3613.5984286349267,쇠퇴기,2025-01-05,2025-05-04,2025-08-31
사계절,제품전체(사계절),사계절,2025-09-14,4215,3584.2727423034084,쇠퇴기,2025-01-05,2025-05-04,2025-08-31
사계절,제품전체(사계절),사계절,2025-09-21,4461,3553.726862763404,쇠퇴기,2025-01-05,2025-05-04,2025-08-31
사계절,제품전체(사계절),사계절,2025-09-28,4691,3522.0084500967932,쇠퇴기,2025-01-05,2025-05-04,2025-08-31
사계절,제품전체(사계절),사계절,2025-10-05,4777,3489.166316225892,쇠퇴기,2025-01-05,2025-05-04,2025-08-31
사계절,제품전체(사계절),사계절,2025-10-12,4665,3455.250274855527,쇠퇴기,2025-01-05,2025-05-04,2025-08-31
사계절,제품전체(사계절),사계절,2025-10-19,4388,3420.310991650622,쇠퇴기,2025-01-05,2025-05-04,2025-08-31
사계절,제품전체(사계절),사계절,2025-10-26,4021,3384.3998353591014,쇠퇴기,2025-01-05,2025-05-04,2025-08-31
사계절,제품전체(사계절),사계절,2025-11-02,3631,3347.5687305560277,쇠퇴기,2025-01-05,2025-05-04,2025-08-31
사계절,제품전체(사계절),사계절,2025-11-09,3253,3309.870012651285,쇠퇴기,2025-01-05,2025-05-04,2025-08-31
사계절,제품전체(사계절),사계절,2025-11-16,2890,3271.356285768503,쇠퇴기,2025-01-05,2025-05-04,2025-08-31
사계절,제품전체(사계절),사계절,2025-11-23,2534,3232.080284059717,쇠퇴기,2025-01-05,2025-05-04,2025-08-31
사계절,제품전체(사계절),사계절,2025-11-30,2190,3192.094736978761,쇠퇴기,2025-01-05,2025-05-04,2025-08-31
사계절,제품전체(사계절),사계절,2025-12-07,1901,3151.452238991915,쇠퇴기,2025-01-05,2025-05-04,2025-08-31
사계절,제품전체(사계절),사계절,2025-12-14,1734,3110.205124156899,쇠퇴기,2025-01-05,2025-05-04,2025-08-31
사계절,제품전체(사계절),사계절,2025-12-21,1729,3068.4053459549905,쇠퇴기,2025-01-05,2025-05-04,2025-08-31
사계절,제품전체(사계절),사계절,2025-12-28,1862,3026.104362713697,쇠퇴기,2025-01-05,2025-05-04,2025-08-31
,사계절_니트 셔츠_라운드_ZB,사계절,,0,0.0,0,2025-01-05,2025-01-05,2025-01-05
,사계절_데님_데님자켓_ZB,사계절,,0,0.0,0,2025-01-05,2025-01-05,2025-01-05
,사계절_데님_데님팬츠_ZB,사계절,,0,0.0,0,2025-01-05,2025-01-05,2025-01-05
,사계절_수트_블레이져(수트)_ZB,사계절,,0,0.0,0,2025-01-05,2025-01-05,2025-01-05
,사계절_수트_블레이져(수트)_ZC,사계절,,0,0.0,0,2025-01-05,2025-01-05,2025-01-05
,사계절_수트_수트팬츠_ZB,사계절,,0,0.0,0,2025-01-05,2025-01-05,2025-01-05
,사계절_수트_수트팬츠_ZC,사계절,,0,0.0,0,2025-01-05,2025-01-05,2025-01-05
,사계절_우븐 셔츠_드레스셔츠_ZB,사계절,2025-01-05,2359,3459.8495241384494,성장기,2025-01-05,2025-07-20,2025-09-14
,사계절_우븐 셔츠_드레스셔츠_ZB,사계절,2025-01-12,2815,3478.1140088895513,성장기,2025-01-05,2025-07-20,2025-09-14
,사계절_우븐 셔츠_드레스셔츠_ZB,사계절,2025-01-19,3025,3495.8395465404546,성장기,2025-01-05,2025-07-20,2025-09-14
,사계절_우븐 셔츠_드레스셔츠_ZB,사계절,2025-01-26,3048,3513.01367868126,성장기,2025-01-05,2025-07-20,2025-09-14
,사계절_우븐 셔츠_드레스셔츠_ZB,사계절,2025-02-02,3142,3529.6242405367193,성장기,2025-01-05,2025-07-20,2025-09-14
,사계절_우븐 셔츠_드레스셔츠_ZB,사계절,2025-02-09,3481,3545.6593785826444,성장기,2025-01-05,2025-07-20,2025-09-14
,사계절_우븐 셔츠_드레스셔츠_ZB,사계절,2025-02-16,3950,3561.107567896801,성장기,2025-01-05,2025-07-20,2025-09-14
,사계절_우븐 셔츠_드레스셔츠_ZB,사계절,2025-02-23,4249,3575.9576292021848,성장기,2025-01-05,2025-07-20,2025-09-14
,사계절_우븐 셔츠_드레스셔츠_ZB,사계절,2025-03-02,4201,3590.198745561509,성장기,2025-01-05,2025-07-20,2025-09-14
,사계절_우븐 셔츠_드레스셔츠_ZB,사계절,2025-03-09,3938,3603.820478680882,성장기,2025-01-05,2025-07-20,2025-09-14
,사계절_우븐 셔츠_드레스셔츠_ZB,사계절,2025-03-16,3765,3616.812784782065,성장기,2025-01-05,2025-07-20,2025-09-14
,사계절_우븐 셔츠_드레스셔츠_ZB,사계절,2025-03-23,3848,3629.1660300029107,성장기,2025-01-05,2025-07-20,2025-09-14
,사계절_우븐 셔츠_드레스셔츠_ZB,사계절,2025-03-30,4074,3640.871005286652,성장기,2025-01-05,2025-07-20,2025-09-14
,사계절_우븐 셔츠_드레스셔츠_ZB,사계절,2025-04-06,4210,3651.918940720774,성장기,2025-01-05,2025-07-20,2025-09-14
,사계절_우븐 셔츠_드레스셔츠_ZB,사계절,2025-04-13,4161,3662.301519288616,성장기,2025-01-05,2025-07-20,2025-09-14
,사계절_우븐 셔츠_드레스셔츠_ZB,사계절,2025-04-20,4044,3672.0108899965417,성장기,2025-01-05,2025-07-20,2025-09-14
,사계절_우븐 셔츠_드레스셔츠_ZB,사계절,2025-04-27,4020,3681.0396803422773,성장기,2025-01-05,2025-07-20,2025-09-14
,사계절_우븐 셔츠_드레스셔츠_ZB,사계절,2025-05-04,4093,3689.381008090517,성장기,2025-01-05,2025-07-20,2025-09-14
,사계절_우븐 셔츠_드레스셔츠_ZB,사계절,2025-05-11,4122,3697.0284923238214,성장기,2025-01-05,2025-07-20,2025-09-14
,사계절_우븐 셔츠_드레스셔츠_ZB,사계절,2025-05-18,3991,3703.9762637387757,성장기,2025-01-05,2025-07-20,2025-09-14
,사계절_우븐 셔츠_드레스셔츠_ZB,사계절,2025-05-25,3749,3710.2189741592156,성장기,2025-01-05,2025-07-20,2025-09-14
,사계절_우븐 셔츠_드레스셔츠_ZB,사계절,2025-06-01,3545,3715.751805239808,성장기,2025-01-05,2025-07-20,2025-09-14
,사계절_우븐 셔츠_드레스셔츠_ZB,사계절,2025-06-08,3480,3720.570476336332,성장기,2025-01-05,2025-07-20,2025-09-14
,사계절_우븐 셔츠_드레스셔츠_ZB,사계절,2025-06-15,3519,3724.671251520427,성장기,2025-01-05,2025-07-20,2025-09-14
,사계절_우븐 셔츠_드레스셔츠_ZB,사계절,2025-06-22,3556,3728.0509457187436,성장기,2025-01-05,2025-07-20,2025-09-14
,사계절_우븐 셔츠_드레스셔츠_ZB,사계절,2025-06-29,3514,3730.7069299605646,성장기,2025-01-05,2025-07-20,2025-09-14
,사계절_우븐 셔츠_드레스셔츠_ZB,사계절,2025-07-06,3372,3732.637135716999,성장기,2025-01-05,2025-07-20,2025-09-14
,사계절_우븐 셔츠_드레스셔츠_ZB,사계절,2025-07-13,3148,3733.8400583216717,성장기,2025-01-05,2025-07-20,2025-09-14
,사계절_우븐 셔츠_드레스셔츠_ZB,사계절,2025-07-20,2890,3734.314759461602,성숙기,2025-01-05,2025-07-20,2025-09-14
,사계절_우븐 셔츠_드레스셔츠_ZB,사계절,2025-07-27,2705,3734.060868731889,성숙기,2025-01-05,2025-07-20,2025-09-14
,사계절_우븐 셔츠_드레스셔츠_ZB,사계절,2025-08-03,2724,3733.078584249917,성숙기,2025-01-05,2025-07-20,2025-09-14
,사계절_우븐 셔츠_드레스셔츠_ZB,사계절,2025-08-10,3000,3731.3686723268183,성숙기,2025-01-05,2025-07-20,2025-09-14
,사계절_우븐 셔츠_드레스셔츠_ZB,사계절,2025-08-17,3418,3728.932466197337,성숙기,2025-01-05,2025-07-20,2025-09-14
,사계절_우븐 셔츠_드레스셔츠_ZB,사계절,2025-08-24,3755,3725.7718638122024,성숙기,2025-01-05,2025-07-20,2025-09-14
,사계절_우븐 셔츠_드레스셔츠_ZB,사계절,2025-08-31,3865,3721.8893246984953,성숙기,2025-01-05,2025-07-20,2025-09-14
,사계절_우븐 셔츠_드레스셔츠_ZB,사계절,2025-09-07,3805,3717.2878658973495,성숙기,2025-01-05,2025-07-20,2025-09-14
,사계절_우븐 셔츠_드레스셔츠_ZB,사계절,2025-09-14,3789,3711.9710569903255,쇠퇴기,2025-01-05,2025-07-20,2025-09-14
,사계절_우븐 셔츠_드레스셔츠_ZB,사계절,2025-09-21,3979,3705.943014228891,쇠퇴기,2025-01-05,2025-07-20,2025-09-14
,사계절_우븐 셔츠_드레스셔츠_ZB,사계절,2025-09-28,4351,3699.208393782901,쇠퇴기,2025-01-05,2025-07-20,2025-09-14
,사계절_우븐 셔츠_드레스셔츠_ZB,사계절,2025-10-05,4728,3691.772384127544,쇠퇴기,2025-01-05,2025-07-20,2025-09-14
,사계절_우븐 셔츠_드레스셔츠_ZB,사계절,2025-10-12,4930,3683.640697589697,쇠퇴기,2025-01-05,2025-07-20,2025-09-14
,사계절_우븐 셔츠_드레스셔츠_ZB,사계절,2025-10-19,4885,3674.8195610774565,쇠퇴기,2025-01-05,2025-07-20,2025-09-14
,사계절_우븐 셔츠_드레스셔츠_ZB,사계절,2025-10-26,4629,3665.315706018737,쇠퇴기,2025-01-05,2025-07-20,2025-09-14
,사계절_우븐 셔츠_드레스셔츠_ZB,사계절,2025-11-02,4251,3655.136357535259,쇠퇴기,2025-01-05,2025-07-20,2025-09-14
,사계절_우븐 셔츠_드레스셔츠_ZB,사계절,2025-11-09,3845,3644.28922288405,쇠퇴기,2025-01-05,2025-07-20,2025-09-14
,사계절_우븐 셔츠_드레스셔츠_ZB,사계절,2025-11-16,3482,3632.782479195128,쇠퇴기,2025-01-05,2025-07-20,2025-09-14
,사계절_우븐 셔츠_드레스셔츠_ZB,사계절,2025-11-23,3172,3620.624760540639,쇠퇴기,2025-01-05,2025-07-20,2025-09-14
,사계절_우븐 셔츠_드레스셔츠_ZB,사계절,2025-11-30,2856,3607.8251443684567,쇠퇴기,2025-01-05,2025-07-20,2025-09-14
,사계절_우븐 셔츠_드레스셔츠_ZB,사계절,2025-12-07,2488,3594.3931373377563,쇠퇴기,2025-01-05,2025-07-20,2025-09-14
,사계절_우븐 셔츠_드레스셔츠_ZB,사계절,2025-12-14,2146,3580.3386605920387,쇠퇴기,2025-01-05,2025-07-20,2025-09-14
,사계절_우븐 셔츠_드레스셔츠_ZB,사계절,2025-12-21,2043,3565.6720345099166,쇠퇴기,2025-01-05,2025-07-20,2025-09-14
,사계절_우븐 셔츠_드레스셔츠_ZB,사계절,2025-12-28,2348,3550.403962971206,쇠퇴기,2025-01-05,2025-07-20,2025-09-14
,사계절_우븐 셔츠_드레스셔츠_ZC,사계절,,0,0.0,0,2025-01-05,2025-01-05,2025-01-05
,사계절_자켓_싱글재킷_ZB,사계절,,0,0.0,0,2025-01-05,2025-01-05,2025-01-05
,사계절_팬츠_니트팬츠_ZB,사계절,,0,0.0,0,2025-01-05,2025-01-05,2025-01-05
,사계절_팬츠_팬츠(일반)_ZB,사계절,,0,0.0,0,2025-01-05,2025-01-05,2025-01-05
